epoch,generator,adversarial,rgb_identity,ltc,sfm,geometry,discriminator,disc_wrong_class,disc_wrong_condition,r1,rgb_accuracy,native_class_accuracy,native_band_accuracy,native_polarization_accuracy,native_depression_accuracy,native_azimuth_accuracy,validation_ltc,validation_sfm,validation_geometry,validation_native_class_accuracy
1,2.4907001697619755,2.340254225405554,0.6483093443264564,0.003665498788517046,0.741772413512071,1.1717166204452514,1.0521348828077317,1.898987436970075,1.9541322349707286,0.0004135418571822811,0.8902291666666666,0.4400833333333333,0.6577916666666667,0.4932916666666667,0.6089166666666667,0.32708333333333334,0.002573338532218314,0.5755039575050906,0.8751832788067629,0.7805093046033301
2,2.602042066891988,1.015462257264182,0.2548049612790346,0.00019800588941385893,0.5231192118624847,0.9504680024385452,2.0102155010700224,0.2402220192203919,0.26101370191574097,0.0026477631979311507,0.9985208333333333,0.8435833333333334,0.644625,0.479,0.7392916666666667,0.5022083333333334,0.00022790706136111574,0.4332292079575265,0.7259305413976589,0.9642507345739472
3,2.4183987381855645,1.0367907973527908,0.24823582184314727,0.0001708622599356507,0.46247990600268046,0.6935685837864876,1.9958871007363002,0.22755838671823342,0.24836412929246823,0.004562579189737638,0.9991041666666667,0.9030416666666666,0.700875,0.517875,0.8006666666666666,0.7331666666666666,0.0001800580246247277,0.3886721443943132,0.5074325691824678,0.9815866797257591
4,2.2649500977595647,1.0363753153880437,0.24576112949848175,0.00016514324290574223,0.42024815585215886,0.4732901628017426,1.993967292547226,0.19234615788857143,0.21789664754768212,0.0047606995118161044,0.9990208333333334,0.9370833333333334,0.8746666666666667,0.5934583333333333,0.8557916666666666,0.8305416666666666,0.000159640611810421,0.3608220045847944,0.3572065891294825,0.9886385896180215
5,2.1936085836489996,1.0379488410552342,0.24412193523347378,0.0001540063145212116,0.3966522749066353,0.39308413734535375,1.9917420195738476,0.18497431160757938,0.21497309804707765,0.0056231314366062485,0.9992291666666666,0.962875,0.9370833333333334,0.6447916666666667,0.877875,0.860625,0.00014732755080224222,0.34558686768740093,0.30821459589345446,0.9929480901077375
6,2.1531432560682298,1.0376528138518333,0.24284970481197038,0.0001512304719317399,0.3821842896242936,0.35989897417028743,1.9911904309193293,0.17887446660300096,0.21328051905085643,0.0061277294928828874,0.9995,0.972375,0.954625,0.6605,0.8990416666666666,0.8746666666666667,0.00014324355121617523,0.33862125132156284,0.29135228813453473,0.9943192948090108
7,2.131449581583341,1.0377287211815516,0.24267063823342322,0.00014769074405664165,0.37421603651841484,0.3410758833140135,1.9889585200945537,0.17019433831671874,0.20681145717203617,0.006123254984617233,0.9995416666666667,0.975625,0.9622083333333333,0.66375,0.913375,0.882875,0.00013929162055439722,0.33288723407833165,0.28165260985946095,0.9959843290891283
8,2.1140343518654507,1.0378878005743026,0.24289088102678458,0.00014192303106816932,0.36685250169038774,0.33088937583317357,1.9868850861787797,0.16415753688911597,0.20401045048733552,0.005992466936508814,0.999375,0.979125,0.964625,0.6764583333333334,0.9222916666666666,0.8827083333333333,0.00013789133333289095,0.32924404988151107,0.27382197649775475,0.9977473065621939
9,2.099228825926781,1.0369628280997276,0.24180681828657785,0.00013962996180756212,0.36201775262256464,0.320481365673244,1.9877888522545497,0.1627072391808033,0.1967540310372909,0.0060386826122800505,0.999625,0.982875,0.9680416666666667,0.6801666666666667,0.925125,0.89,0.00013320271181124289,0.3264242320669036,0.2711342435333801,0.9965719882468168
10,2.0899420709609986,1.0355097651084264,0.24206315612296264,0.0001428559941371835,0.35861139123141766,0.3162021818459034,1.9846571073532104,0.16407253899176916,0.1985286275272568,0.006419528538982073,0.9995833333333334,0.9852083333333334,0.9675416666666666,0.6822916666666666,0.9320833333333334,0.8930833333333333,0.00014157685409025382,0.3246751093052977,0.2709264285534066,0.997845249755142
11,2.0818641322453817,1.0369332024653752,0.2414445460041364,0.00014019395881291529,0.35441306938727696,0.3145995082110167,1.9836211198568343,0.165451288027068,0.20151720716555913,0.007064083757499854,0.9997291666666667,0.9867916666666666,0.9665833333333333,0.6864583333333333,0.934375,0.894,0.0001383245138560461,0.3234723780081625,0.26933712554725214,0.997845249755142
12,2.0798462874889374,1.0383602669040362,0.24131568896770478,0.000134661003216479,0.35338494572540124,0.31043705277144906,1.9802946722507477,0.16915598447124164,0.20497118859241406,0.007367048246165116,0.9997083333333333,0.9855,0.9665833333333333,0.684,0.9399583333333333,0.8966666666666666,0.0001269135975639676,0.3228776842501675,0.26775674695599677,0.9975514201762977
13,2.0742565486033757,1.0354385255376497,0.2419877618600925,0.0001364210919117189,0.3519487229436636,0.30886656025548775,1.9790316175222398,0.16799470260490973,0.20330031712601582,0.007588860464592775,0.9994791666666667,0.9869583333333334,0.9690416666666667,0.69025,0.9370416666666667,0.893125,0.00012894278665503758,0.3213183068884692,0.26625714065629286,0.9975514201762977
14,2.0680053070783617,1.034209777990977,0.2406434495250384,0.00013810645364280088,0.350244321167469,0.3079574054032564,1.977088800549507,0.17369137808680535,0.2084294907152653,0.008054887016614278,0.9998125,0.989,0.9674583333333333,0.6855416666666667,0.9394583333333333,0.8975833333333333,0.00012957731961053964,0.32092972644162343,0.26812746807363663,0.9976493633692458
15,2.067511689424515,1.037034690320492,0.24043409244219463,0.00013616859188793267,0.34855144485334555,0.30889224375287694,1.9730527076721192,0.1779254235699773,0.2083240607182185,0.008590296236177285,0.9998541666666667,0.9883333333333333,0.96625,0.6868333333333333,0.9400833333333334,0.8991666666666667,0.00012914551262142653,0.31981723470564105,0.26918937539960913,0.9973555337904015
16,2.0636606673796973,1.036221437394619,0.2411376036653916,0.0001393032055934782,0.34720169806480405,0.30539872946341834,1.9717844391266506,0.1756301000614961,0.2133762512728572,0.009011423461139203,0.9996666666666667,0.9868333333333333,0.9696666666666667,0.6859166666666666,0.9421666666666667,0.8977916666666667,0.00013091982936194822,0.319276105172487,0.2645333171970814,0.9975514201762977
17,1.9499062354564667,0.9671439602573713,0.23963195577263832,0.00012311899062918504,0.32987071454524997,0.2771421743631363,1.969060254653295,0.1465649059737722,0.1777138393521309,0.009571156467000644,1.0,0.996125,0.9790416666666667,0.7010833333333333,0.9639166666666666,0.9182083333333333,0.0001318927104056155,0.31835720972096027,0.26343467906875917,0.9975528582615505
18,1.9351103492180506,0.9745247219999631,0.23958482911189397,0.00012314235682773264,0.3199200362612804,0.2697147968485951,1.9844095315933228,0.11748952859143416,0.1461940552915136,0.007948018595576286,0.9999791666666666,0.996625,0.98175,0.699875,0.9699166666666666,0.9269166666666667,0.00013222661792830408,0.3159676434511586,0.260935619740383,0.9977486296006265
19,1.9323442740043004,0.9798400224248568,0.23951813899477323,0.0001236036821220523,0.31674451860785485,0.2641662256817023,1.984254347761472,0.10937662962824106,0.13558131592720746,0.0072207984502116835,1.0,0.9980416666666667,0.9834583333333333,0.7044583333333333,0.9750416666666667,0.9315416666666667,0.00013056038932259743,0.3129214338196869,0.2574628957400657,0.9986296006264683
20,1.9248640919923783,0.9809593112866084,0.23950452974935374,0.00012707333496753866,0.3131776164919138,0.2593029002745946,1.9823706291516623,0.10770782342801491,0.13237136811763048,0.006875740185379982,1.0,0.9985,0.9861666666666666,0.7113333333333334,0.9778333333333333,0.9297916666666667,0.00012933938508669958,0.31039979893454556,0.2534414686017561,0.9986296006264683
21,1.9203438350756963,0.9836882457733155,0.2395001214593649,0.00012906294194317525,0.30942677302161853,0.26014597040911513,1.9834193981091182,0.1027809163009127,0.12555469345798095,0.006603829359014829,1.0,0.9985416666666667,0.986125,0.7010416666666667,0.9762916666666667,0.93375,0.00012954503025168547,0.30800052343801354,0.25016920448382246,0.9989232576350823
22,1.9185032811164855,0.9842662677963575,0.2395887078891198,0.00012915580891710002,0.30859937813381355,0.25730411599079767,1.98256433737278,0.10314552698036035,0.1248242711747686,0.0064894954264163975,0.9999791666666666,0.9987916666666666,0.9872916666666667,0.7105833333333333,0.97925,0.93375,0.00013045515676178267,0.3059866272012237,0.248765181933844,0.9990211433046202
23,1.9161452504793803,0.9855024055242538,0.23946228908995787,0.00012850291399915174,0.3071341689825058,0.2555173655500015,1.9785794864098232,0.1046439676657319,0.12794205891589325,0.0064063483029603956,1.0,0.9986666666666667,0.9895833333333334,0.7074166666666667,0.9785416666666666,0.9349583333333333,0.00013117839763020976,0.3042957727332762,0.2466305305783111,0.9991190289741582
24,1.9150937080383301,0.985583963394165,0.23946734797954558,0.00012263461777168533,0.30680942797164124,0.2539275606845816,1.9780647712548574,0.10403137867897749,0.12994711083422106,0.006473537730673949,1.0,0.9988333333333334,0.9907916666666666,0.7066666666666667,0.9805416666666666,0.9339583333333333,0.0001300362401922299,0.30297590526566204,0.2446017634814945,0.99951057165231
25,1.9155362539688745,0.9872193625569343,0.2394550545712312,0.00012286239070954252,0.30626742146412533,0.25360422730445864,1.9783974899053574,0.10239964885512988,0.12807269273449978,0.0063594263568520545,1.0,0.9983333333333333,0.99075,0.7093333333333334,0.9794166666666667,0.93525,0.0001285858132793315,0.30179984883763356,0.24281467619580316,0.9996084573218481
26,1.9126651811997095,0.9861234920024872,0.23944749400019646,0.00012686607295230108,0.3053238033403953,0.25397617811957995,1.9800838686227797,0.1019326382453243,0.12547558842102688,0.0063029347906510035,1.0,0.9990416666666667,0.9885416666666667,0.7133333333333334,0.9792916666666667,0.9340416666666667,0.0001287153083158174,0.3010050373658036,0.2413509546800246,0.9996084573218481
27,1.9120094962914784,0.9872407704591751,0.2394460318982601,0.00012618536690251858,0.3046093208044767,0.25283892906457184,1.9773681627909343,0.10151503624767065,0.12578659540663162,0.0064134133011102675,1.0,0.998875,0.9909166666666667,0.706,0.9793333333333333,0.9360833333333334,0.00012942541571057871,0.300069645394337,0.24072705823475948,0.999706342991386
28,1.9112584413687388,0.9859616070389747,0.2408250931352377,0.0001243964146771456,0.3042453551540772,0.2524407738447189,1.9775645751953126,0.10381804600109656,0.1265564920877417,0.006475031283994515,0.9997083333333333,0.9987083333333333,0.9917083333333333,0.7057083333333334,0.9786666666666667,0.937375,0.00012959056407001063,0.29970071217104993,0.24030366820737592,0.9993148003132342
29,1.908430428067843,0.9886932019193967,0.23943749090035757,0.00012542822256765855,0.3021900397439798,0.25222931788365044,1.975446093360583,0.10140485013773044,0.12575518363217514,0.006487343321243922,1.0,0.9987916666666666,0.9916666666666667,0.7074583333333333,0.9802083333333333,0.9359166666666666,0.00012689511768930985,0.2987735583129672,0.23956201811588734,0.99951057165231
30,1.9061371034383774,0.9872657192150752,0.23942699663837752,0.00012610462707137533,0.30187011387944224,0.25150649780531725,1.975661720832189,0.10149413918455442,0.12658709086477757,0.006504808391133945,1.0,0.999375,0.991875,0.7132916666666667,0.9805416666666666,0.9392083333333333,0.00012825834470831288,0.29820721988991405,0.2382457938917512,0.9994126859827721
31,1.9060015285809835,0.9873956971565883,0.23943053757150967,0.0001271397139256957,0.301992121403416,0.24978923758367697,1.9768137733141582,0.10048970477779706,0.12638393318653107,0.0064645001689592994,1.0,0.9987916666666666,0.9910833333333333,0.7125833333333333,0.9805,0.9396666666666667,0.00012614462442108536,0.29773767759108927,0.23817029936689835,0.999706342991386
32,1.9048542368412018,0.9896384344696999,0.23943855375548204,0.0001247509385984813,0.30015787641207375,0.2507066287621856,1.9767621940374374,0.1021846641227603,0.12525940510630607,0.006420809773107369,1.0,0.9990416666666667,0.9918333333333333,0.709,0.9806666666666667,0.9355416666666667,0.0001276528570004647,0.29743323433989644,0.23788716251974285,0.99951057165231
33,1.9058806701898574,0.9878921697537104,0.2395416745096445,0.00012287576745150848,0.301641894698143,0.24972426599264144,1.9737554580370584,0.10419147108991941,0.12934068192789952,0.00656157111376524,0.9999791666666666,0.9990416666666667,0.9896666666666667,0.7130416666666667,0.98175,0.9414583333333333,0.00012678034882371173,0.2972218072568427,0.23769794269293523,0.9996084573218481
34,1.903115929087003,0.9875958100159963,0.23942327652374903,0.00012313585899293382,0.30041773633162183,0.2500503172452251,1.9755559630791346,0.10096698595831792,0.1275518295665582,0.006624026450018088,1.0,0.9989583333333333,0.991,0.708125,0.9812083333333333,0.9379166666666666,0.00012729812864579096,0.2967860136099434,0.2381810644217063,0.9994126859827721
35,1.9018631480932235,0.9891634156505267,0.2394192765255769,0.00012511741481898754,0.2989874133815368,0.2501846402386824,1.9723039446671804,0.102734106592834,0.12944540334989627,0.0066434093241890275,1.0,0.999,0.9932916666666667,0.7116666666666667,0.9794166666666667,0.9375416666666667,0.00012960450136659607,0.29665667072854524,0.23814907520659379,0.9993148003132342
36,1.8991055425405503,0.989351293404897,0.2396095366726319,0.00012704476585971255,0.29772315263748167,0.24814772726595402,1.9714337737957637,0.10193026377509037,0.12998641818761825,0.006821133618553479,0.9999583333333333,0.9990416666666667,0.9931666666666666,0.707875,0.981,0.9419583333333333,0.000127599181781114,0.2963636074063478,0.23794135928574073,0.9993148003132342
37,1.8990687517722449,0.9883640391627947,0.2395134670486053,0.00012585161660937653,0.2977967163523038,0.2511536840324601,1.9740902599096297,0.10284738264977931,0.13002101636677982,0.0069231099138657255,0.9999791666666666,0.9990833333333333,0.99275,0.701875,0.9819583333333334,0.9393333333333334,0.00012815636748276127,0.2960975769361716,0.2384025537661957,0.9992169146436961
38,1.8989460023641587,0.9878490636944771,0.23947607405483723,0.0001248354867523934,0.29821705021957556,0.24979030012587705,1.9746385822296142,0.10108697799841562,0.12936144625892243,0.006865266484518846,0.9999791666666666,0.9990833333333333,0.992125,0.7054166666666667,0.9820833333333333,0.94075,0.0001280682354637174,0.29588514231962204,0.23803623526786674,0.9994126859827721
39,1.9003821351925532,0.9904304432868958,0.2394091402788957,0.00012866477254616863,0.29766089573005833,0.2498780888641874,1.972574010292689,0.10105289928615094,0.1266152019922932,0.00683007251471281,1.0,0.9991666666666666,0.9933333333333333,0.7070416666666667,0.9828333333333333,0.938375,0.00012958725981450885,0.2956728349463867,0.23729556623026554,0.9993148003132342
40,1.8983609095017115,0.9884017957051595,0.23941181165973346,0.00012730427886738956,0.29752187884847325,0.25082977100461723,1.9719903446833293,0.10173803442468246,0.12975080900639296,0.007185586313406626,1.0,0.9992916666666667,0.9913333333333333,0.7025,0.9804166666666667,0.941125,0.00012874129844789574,0.2954794753345784,0.23798843975541362,0.9993148003132342
41,1.8976111956834794,0.9882794855634371,0.23940967112282913,0.00012232005255024585,0.2970784097015858,0.2517352545633912,1.9725188333193462,0.10184922416011492,0.12675760735819738,0.007098299376666546,1.0,0.999375,0.9920833333333333,0.70125,0.9807916666666666,0.93775,0.00013040329576126158,0.29537578418810057,0.23788912079720734,0.9993148003132342
42,1.8991322683095933,0.989137616455555,0.23940959291160108,0.00012522721822566987,0.2973827537645896,0.2518969814007481,1.970282306353251,0.10103270035237073,0.1292845696186026,0.007234204607705275,1.0,0.9990833333333333,0.9922083333333334,0.7078333333333333,0.9795416666666666,0.939625,0.00012880599781491098,0.2951907266570239,0.23767354133259577,0.9992169146436961
43,1.8969936846494675,0.9873246376514435,0.23941161507864794,0.00012188893401677585,0.2974603396554788,0.2503099038998286,1.9723553374608358,0.10049273937692245,0.12626807820300262,0.007220414184033871,1.0,0.999125,0.9934583333333333,0.7077916666666667,0.9799166666666667,0.9399166666666666,0.00012885164449524334,0.29506260968639736,0.23641020885158912,0.9992169146436961
44,1.8959307395219802,0.9900766852696736,0.23956235230962436,0.0001208862692422675,0.29545132746795816,0.25049089775731165,1.9697359022299448,0.10066064901401599,0.12711854358265798,0.00747663464397192,0.9999375,0.9987916666666666,0.9914583333333333,0.700375,0.9825,0.9415416666666667,0.00012674974994777402,0.29500211389646364,0.2367442791250271,0.99951057165231
45,1.8976388711929322,0.9887990245223045,0.23940184926986693,0.00012452906794154235,0.29678579059739907,0.25205785379558804,1.9691615739663442,0.1004078547284007,0.12976597277323404,0.007417740603288015,1.0,0.9993333333333333,0.9925,0.7053333333333334,0.9787916666666666,0.9415416666666667,0.00012742373263532262,0.29492399561202143,0.23704472170907862,0.99951057165231
46,1.8954809898932774,0.989322333474954,0.23956081187228362,0.00012673422399590587,0.29571073585748675,0.24974301016827424,1.9690375680526098,0.09943988581498464,0.1270406036625306,0.007374781591196855,0.9999583333333333,0.9989166666666667,0.992125,0.7038333333333333,0.982,0.9402916666666666,0.00012941818682732774,0.29485216362514155,0.2375290409830299,0.9992169146436961
47,1.896740527868271,0.9896298243999481,0.23964337187012036,0.0001239665238699672,0.29603409943977993,0.2505039868652821,1.9693848193486532,0.10053250176707904,0.12847203054775794,0.007420468871792157,0.9999166666666667,0.9990416666666667,0.9932083333333334,0.70125,0.9835416666666666,0.9414166666666667,0.00012841546987227493,0.2945348333608222,0.23730953294600046,0.9996084573218481
48,1.8955408409833907,0.9876531460086505,0.23941403957704702,0.00012327700511953783,0.29667381063103676,0.24959825558960438,1.969342396736145,0.1027733831629157,0.12793337721129258,0.007519888522724311,1.0,0.9989583333333333,0.9917083333333333,0.7026666666666667,0.9814583333333333,0.9434583333333333,0.0001287557756691802,0.2945512717191535,0.23749527853702837,0.9996084573218481
49,1.8937832336823146,0.9877522192001342,0.23944569044808547,0.00012408404620161187,0.29564693368971345,0.2501442780047655,1.9682698096434275,0.10324161672592164,0.12952005349844695,0.007687163310746352,1.0,0.9987083333333333,0.992875,0.7015,0.9808333333333333,0.9455833333333333,0.00012977402081765758,0.2944200090821847,0.2384769223096577,0.9996084573218481
50,1.8932946764628091,0.986823811074098,0.2393970088462035,0.00012333780899765164,0.295988723680377,0.24949910180767376,1.9656694092353184,0.10306397703538338,0.13079958553860585,0.007726349055767059,1.0,0.9990833333333333,0.992625,0.70875,0.980625,0.9405416666666667,0.0001297367777498753,0.29431266380224547,0.23891854575873822,0.999706342991386
51,1.8945649916728338,0.9885668622851371,0.23938747487962245,0.00012115668229671428,0.2955608378400405,0.25082220857590437,1.966730289697647,0.10318780505408844,0.12981647212058306,0.007869997347394625,1.0,0.999125,0.9920833333333333,0.7052083333333333,0.981125,0.9419166666666666,0.00012838619022926339,0.29438699567770715,0.23872419333372763,0.999706342991386
52,1.89139586130778,0.987546961804231,0.2393899768938621,0.00012099272489437377,0.2940735823959112,0.2535658986618122,1.967817645629247,0.10274239195883274,0.1296724340369304,0.007780508910616239,1.0,0.99875,0.9930833333333333,0.6975416666666666,0.9800416666666667,0.9418333333333333,0.000129535915027681,0.29433380936534265,0.239398195872852,0.999706342991386
53,1.8924661909739176,0.987967310766379,0.2400885301232338,0.00012960385368031288,0.29437531915307047,0.251335001980265,1.9660221942663192,0.10595994999508063,0.12984923315793276,0.007850070893764495,0.9997916666666666,0.9990833333333333,0.9922083333333334,0.7045833333333333,0.980875,0.9432916666666666,0.0001282801627601083,0.2944371101308611,0.24009219098314002,0.999706342991386
54,1.8929792220592498,0.9875100461244584,0.23939376041293145,0.00012178646721910505,0.295011051406463,0.25269912609209616,1.9648260961771011,0.10582065285245577,0.1313690994704763,0.008120153451959293,1.0,0.9994166666666666,0.993375,0.6979166666666666,0.9775833333333334,0.9425,0.00012838473018900138,0.2946369126759989,0.24014341839958936,0.999706342991386
55,1.8935778820117315,0.9885487761298816,0.23938495907187463,0.00012356957684013045,0.29465235718588034,0.25364096205929915,1.965796659708023,0.10525869291027387,0.13097487998505433,0.008179431868096193,1.0,0.9994166666666666,0.9924583333333333,0.6960416666666667,0.981,0.9435833333333333,0.0001280073570400968,0.294524051788713,0.2406218129552218,0.999706342991386
56,1.8887627511421838,0.9857681071162224,0.23938711562752724,0.0001204602875383595,0.29353787964582445,0.2543028202901284,1.964348429163297,0.10567865296204886,0.13174004147698481,0.008100209549069405,1.0,0.9994583333333333,0.9925416666666667,0.6998333333333333,0.9780833333333333,0.9422916666666666,0.00012816233757335352,0.29450979015367656,0.24085145462639834,0.9996084573218481
57,1.8921666729450226,0.985204264163971,0.2396698607156674,0.00012140874707279181,0.29560623318950335,0.2527908717046181,1.9657955686251323,0.1057609379241864,0.13065867592642705,0.008101468948026498,0.9999583333333333,0.99925,0.9924166666666666,0.6972083333333333,0.978625,0.9416666666666667,0.00012791575749469328,0.29456489381782225,0.24087389578536655,0.99951057165231
58,1.8928620436986288,0.986841819703579,0.2393927518973748,0.00012705941004651321,0.29544985899825893,0.25157876954227687,1.9636760029395421,0.10748370044430097,0.13061997470756373,0.008307715713977813,1.0,0.9993333333333333,0.9932916666666667,0.6993333333333334,0.980125,0.9442083333333333,0.00012805908047188797,0.29472655237316153,0.24109589978585788,0.9996084573218481
59,1.8948764581282933,0.9866274450818697,0.2393764454027017,0.0001251611911358547,0.2963669332712889,0.2529612517257531,1.9660552448431652,0.1052203800752759,0.13015268272161484,0.00823215116560459,1.0,0.9990833333333333,0.9929583333333334,0.7046666666666667,0.9774583333333333,0.9441666666666667,0.00012748382984074165,0.2946645927089635,0.24175624122016115,0.999706342991386
60,1.8968663566112518,0.9886024915575982,0.23938269653419653,0.00012506350929409867,0.2963788187702497,0.25291134679565824,1.9630247311989466,0.10746831594159206,0.13097450036803882,0.008650423360367617,1.0,0.999375,0.9924583333333333,0.700375,0.9790833333333333,0.9424583333333333,0.00012701740429104104,0.2946694591677016,0.2416964620016311,0.999902114330462
61,1.8965782252550125,0.9860624318122864,0.23938842876752217,0.00012678298440535704,0.2972171669155359,0.25479821166147787,1.9611657764911652,0.10838007991760969,0.1328244821106394,0.008407398829857509,1.0,0.9994166666666666,0.9930416666666667,0.6904583333333333,0.979125,0.9420416666666667,0.00012723176106500502,0.29488201409479137,0.24201911241078666,0.999902114330462
62,1.8967476011912028,0.9868987413843473,0.2398850529293219,0.0001268846116390705,0.2965892516324917,0.25510510700941086,1.963288202881813,0.10797496162603298,0.13188781859725715,0.008535062342882156,0.9998958333333333,0.9994166666666666,0.99175,0.691625,0.9782916666666667,0.9417916666666667,0.00012686136650384553,0.29470143446038033,0.24302952701026048,1.0
63,1.8898539811372757,0.9858892365694046,0.23937228048841158,0.00012176435138811333,0.2941503578176101,0.2534940583159526,1.964963229417801,0.10668012111385664,0.12753137499839068,0.00854328272988399,1.0,0.9994583333333333,0.9930416666666667,0.6948333333333333,0.97875,0.944625,0.00012756500879504708,0.29486724309413204,0.24237694631395576,0.999902114330462
64,1.8949451292355854,0.9872279989719391,0.23937479974826176,0.00012090378097279123,0.2960302028258642,0.25346704038977624,1.9611561782360076,0.10759818273037672,0.1308610633586844,0.008761297427117825,1.0,0.9991666666666666,0.9929166666666667,0.6959583333333333,0.978375,0.943625,0.00012834824819423768,0.2948887562678256,0.2422756570826752,0.999706342991386
65,1.8878222984075546,0.9873859023054441,0.23938239813844364,0.00012348656236296543,0.29238389095167316,0.25346413612614077,1.9607511245012283,0.1089125329181552,0.1293743213688334,0.008568077156941096,1.0,0.9991666666666666,0.9920416666666667,0.6943333333333334,0.9769166666666667,0.9435416666666666,0.00012781088562366613,0.2944303785896362,0.2418556773047617,0.999902114330462
66,1.8908117543856302,0.9824593715071678,0.23938604839642844,0.0001233105289506208,0.29639919692774613,0.2530710572525859,1.9599892248709996,0.1107614654675126,0.13367033722251653,0.009044123031198979,1.0,0.999125,0.9929166666666667,0.7018333333333333,0.978625,0.9414166666666667,0.00012739025926185223,0.29444853886786904,0.24189202302225232,0.999902114330462
67,1.8877707426548005,0.9850201523105303,0.23937844021618365,0.0001209686619195054,0.2933488846023877,0.2547748004769286,1.9583710034688313,0.10962917367865642,0.129750517676274,0.009058694116771222,1.0,0.999375,0.992875,0.6930416666666667,0.9784583333333333,0.943125,0.0001279495861517282,0.2942768422888188,0.2418546185375847,0.999804228660924
68,1.8872161030371983,0.9844863132635753,0.23938168869415918,0.00012300467223606878,0.2933437037318945,0.2547156072258949,1.9601170552968978,0.11078449938446283,0.13183358058830102,0.009147655988732973,1.0,0.9992916666666667,0.9910416666666667,0.7010833333333333,0.977125,0.9442083333333333,0.00012921351879287773,0.2943149089037252,0.242119459299693,0.999902114330462
69,1.8933497337500254,0.9863078865210215,0.23937506918609142,0.00012766346389859489,0.29546106852094334,0.25496436608334383,1.9603375672101975,0.10985114188492298,0.131085878059268,0.009145174225171407,1.0,0.9992916666666667,0.9922916666666667,0.6990416666666667,0.9777916666666666,0.9413333333333334,0.00012803048923713207,0.29449802216291193,0.24163472218498785,0.999902114330462
70,1.8911248168945312,0.9849689048528671,0.23937418862680593,0.0001257842873081548,0.2950610790749391,0.2546933144181967,1.9588886868158977,0.11114836380134026,0.13019562437882026,0.009156289361417293,1.0,0.9995,0.9919583333333334,0.6979583333333333,0.9773333333333334,0.9425833333333333,0.00012892915305637187,0.29463734459963364,0.24177656489145083,1.0
71,1.8919941504398983,0.9857899700204531,0.239821661884586,0.00012649566036801238,0.29490051306784154,0.25442832852154973,1.9564510001738866,0.1136212899958094,0.13301142075409492,0.009360402554273605,0.9999166666666667,0.9992916666666667,0.9924583333333333,0.6955,0.9800833333333333,0.942875,0.00012833813338441024,0.2944855098623546,0.24209782383904246,0.999902114330462
72,1.8891180582841238,0.9848173424800237,0.2393686091452837,0.0001255676985392711,0.29398320969442526,0.25571516316135723,1.9568218970696132,0.11025829308728377,0.13174546334395806,0.00942504353572925,1.0,0.999125,0.99225,0.6938333333333333,0.9787083333333333,0.9411666666666667,0.0001284783939351891,0.29454498179111055,0.24261261152282954,1.0
73,1.8937812782128651,0.98392267425855,0.23937131864329178,0.0001242113542153523,0.2967093381434679,0.2560672740911444,1.9575367302099864,0.11010872557510933,0.12871680121620496,0.009364754175146421,1.0,0.9991666666666666,0.9920416666666667,0.6994166666666667,0.9785833333333334,0.9412916666666666,0.00012771219755133926,0.2946606867099961,0.24177467748347725,1.0
74,1.892197050611178,0.9855250616868337,0.2394012660930554,0.0001242138369602799,0.29546102866530416,0.25366745108614364,1.9560735274553298,0.1142256777510047,0.13257014609128237,0.009583841641743978,1.0,0.99925,0.9921666666666666,0.6957916666666667,0.9795,0.943625,0.0001287205425542418,0.29479671148153,0.24200993878132399,1.0
75,1.8911105836629867,0.9849599055051803,0.23937124062577883,0.00012395095684996705,0.29479303568104903,0.25648487166812023,1.9535390639305115,0.11270025622099639,0.12926595251013837,0.009744477900365988,1.0,0.9992916666666667,0.992375,0.6964583333333333,0.9759166666666667,0.9429166666666666,0.00012800106300059648,0.2946374688309179,0.242055415687098,1.0
76,1.8889783228635788,0.9839653193155925,0.23942333060999713,0.0001196297424326834,0.29435217602054276,0.25548685833315055,1.9562280798753102,0.1114654235218962,0.1279902082880338,0.009807934299111367,1.0,0.9990833333333333,0.9924166666666666,0.6965416666666666,0.9784583333333333,0.9416666666666667,0.00012842701737912193,0.29498604388970273,0.24197763935338265,1.0
77,1.8946786696513493,0.9843992829521497,0.2399805402656396,0.00012294633843604666,0.296020524640878,0.2600396634787321,1.9553815886179606,0.11228913121422132,0.13037903369466464,0.009789106232424577,0.9997916666666666,0.9990416666666667,0.991875,0.6925416666666667,0.974875,0.9399166666666666,0.00012760239877515728,0.2952060015330977,0.24343814661313568,0.999804228660924
78,1.8927237881024679,0.9845741019646327,0.23937237824499608,0.00012714082541378957,0.2951890245229006,0.2604832396904628,1.951687372803688,0.11310001200189193,0.13148868666092556,0.009876927842696507,1.0,0.9992916666666667,0.9922083333333334,0.6913333333333334,0.974875,0.9415416666666667,0.00012739478420284353,0.2954758472270978,0.24466178483951811,0.999902114330462
79,1.8898564455111821,0.9820423662662506,0.23937443350752194,0.00012771033357262241,0.29515063822766147,0.2596098222732544,1.9516068716843924,0.11891344995548328,0.13235636475930612,0.00990806149939696,1.0,0.9992916666666667,0.991875,0.6905416666666667,0.9743333333333334,0.9420833333333334,0.00012808550004019358,0.29567109775629563,0.24452671901371764,1.0
80,1.8872435950040818,0.983697274684906,0.23937122955421608,0.00012369033120209375,0.29327634609738984,0.25791671681652467,1.9536512978871663,0.1149549151857694,0.1324610073119402,0.010313460851709049,1.0,0.999125,0.9915,0.6968333333333333,0.9772083333333333,0.9427083333333334,0.000128332195194861,0.29590427387759566,0.24456159096464994,0.999902114330462
81,1.8949813202619552,0.9850177626808484,0.23936119778454304,0.00012694818665158892,0.29632600691914557,0.25898815839489303,1.9519859548012415,0.11602071856955687,0.13182293783376614,0.010291697810093562,1.0,0.998875,0.9914166666666666,0.6887916666666667,0.977,0.941875,0.00012665808386494532,0.29602699980472297,0.24531084698746702,0.999902114330462
82,1.8915294151306152,0.9822950786948204,0.2393691241890192,0.000123444770979404,0.2962296754270792,0.2571965615178148,1.952506351629893,0.115986773605148,0.1333816778908173,0.01036173023035129,1.0,0.9995,0.992125,0.6897083333333334,0.9764166666666667,0.9437083333333334,0.00012697828495126864,0.29639922668201996,0.2461704994955143,0.999804228660924
83,1.8932806759675345,0.9827370574871699,0.23936834873259066,0.00012391534554914566,0.2969672943552335,0.2566428212101261,1.9537909370660782,0.1162301893234253,0.13191521392762662,0.010427765645086766,1.0,0.9990833333333333,0.9910416666666667,0.6938333333333333,0.9765,0.9450833333333334,0.00012606330374505292,0.29642881906956736,0.2460847590731263,0.9996084573218481
84,1.8893747460842132,0.9820808518330256,0.23936690646906694,0.00012403113937822734,0.2949505363504092,0.2592594985912244,1.9506038382450739,0.11653775513668856,0.13015056003133457,0.010602255483468374,1.0,0.9993333333333333,0.9919166666666667,0.695,0.9775,0.942375,0.0001264453675611575,0.29620672502323764,0.2463931461756782,0.999902114330462
85,1.8913901343743007,0.9830906801819801,0.2393639813810587,0.00011986222550285674,0.29545186005036034,0.2593067440589269,1.9520728278954824,0.11431655123084783,0.1292535171781977,0.010573829419910908,1.0,0.999125,0.9905416666666667,0.68875,0.976125,0.9422916666666666,0.00012609149362298406,0.2960531235210883,0.24673386016596596,0.999804228660924
86,1.8944603706598282,0.9826376468340556,0.2393690761079391,0.00012573044969227946,0.29716027386983235,0.25960545023530723,1.9496116041342417,0.11780864791820447,0.13311740780125061,0.010669724325338999,1.0,0.9990833333333333,0.9922916666666667,0.6945833333333333,0.9738333333333333,0.9409166666666666,0.0001264731275541678,0.29605284001832843,0.24563285933053391,0.999804228660924
87,1.8909474042256673,0.9829808486104011,0.23936432441075642,0.00012817918213947147,0.2950340385834376,0.26092597978562115,1.9473155710697174,0.11759735778719187,0.13434292517850796,0.010620772441228232,1.0,0.999,0.99075,0.684125,0.9762916666666667,0.9451666666666667,0.00012644830731190816,0.2962379787079319,0.24606232291427366,0.999902114330462
88,1.8928262202739716,0.982890849550565,0.23936730759839217,0.00012596032646130576,0.2962625039368868,0.2593037755489349,1.944155324459076,0.11934907197703917,0.1357863302429517,0.010887141299744447,1.0,0.998625,0.99,0.6917083333333334,0.97275,0.942625,0.00012536314033135661,0.29623233135891736,0.24640276922334567,0.999804228660924
89,1.8889366485675176,0.9822290374239285,0.23936637331545352,0.0001273237079450761,0.2944341431806485,0.2607276755894224,1.947219531774521,0.1153153661613663,0.13423207739492257,0.010774183119336764,1.0,0.99925,0.9903333333333333,0.6905416666666667,0.9732083333333333,0.9415,0.00012612208898825085,0.29603508196642786,0.2473718585678396,0.999706342991386
90,1.894143780708313,0.9813379591504733,0.23996282349030176,0.00012812514820567837,0.29709116281569004,0.2613480659127235,1.9481885501146317,0.11805410484224557,0.13201091405252616,0.0112214734852314,0.999875,0.9988333333333334,0.991,0.6888333333333333,0.97475,0.9424583333333333,0.00012483136595903898,0.2964921208184589,0.2482664937761699,0.999706342991386
91,1.8927511361440024,0.9806129093170166,0.23936698924998442,0.00012529339041384446,0.29721188053985437,0.26032294985155263,1.948653704961141,0.11525862475484609,0.13028136960665385,0.011040525649984678,1.0,0.9989166666666667,0.99025,0.6921666666666667,0.9781666666666666,0.9402916666666666,0.00012426364496597825,0.2964174328889689,0.24881416772468162,0.999706342991386
92,1.8941055221160252,0.9815060794353485,0.23936602675914764,0.00012543242881277668,0.2972970892190933,0.26129457002381484,1.9459875251452128,0.11849726046870152,0.13033822177847226,0.011326723247766495,1.0,0.9995,0.9917916666666666,0.6845416666666667,0.9739583333333334,0.9445833333333333,0.000125082175105891,0.29647702767353973,0.24988531943967823,0.999902114330462
93,1.8896747657457988,0.9790872352520624,0.23936708042025567,0.00012730541889375974,0.29619528019924957,0.2619175849705935,1.9452571826775868,0.11910278490185737,0.13152699396262565,0.01142076297601064,1.0,0.9989166666666667,0.9897083333333333,0.692375,0.9752916666666667,0.9415416666666667,0.00012605220608153216,0.2964003485545061,0.24977764491788232,0.999902114330462
94,1.8907117011944452,0.9798043929537137,0.23936496778329214,0.00012161920556271373,0.29643970746795334,0.261398951066037,1.9457535167137783,0.12059709262847901,0.1315858386978507,0.011555216083923976,1.0,0.998875,0.9902916666666667,0.68875,0.974125,0.9432916666666666,0.00012473364805902596,0.2966476858592794,0.2504397788133907,0.999804228660924
95,1.8878415380716325,0.978786790728569,0.23936481088399886,0.00012544325367768277,0.29546746633946896,0.26168038026740154,1.9428826549450557,0.12360801419615745,0.1310129420310259,0.011522122278809548,1.0,0.9990416666666667,0.9896666666666667,0.6956666666666667,0.9739583333333334,0.9415416666666667,0.00012485715318762117,0.2967458321999528,0.25111243755103746,0.999804228660924
96,1.890892305334409,0.9787965937058131,0.23936275096734363,0.0001289565545697163,0.29665516017377375,0.2638824189354976,1.9417755150000253,0.12337238492816686,0.1342619950324297,0.011702079862356185,1.0,0.9987916666666666,0.9912916666666667,0.6905833333333333,0.973375,0.9409583333333333,0.0001245824342148136,0.296716522833824,0.25136941432742843,0.999706342991386
97,1.8936633908351261,0.9801920891602834,0.23937052045265833,0.00013038803713258555,0.29740923961997034,0.26340507457156975,1.941615149140358,0.12313849029441674,0.12966679689536492,0.011610185126463573,1.0,0.99875,0.9897083333333333,0.685875,0.974125,0.941125,0.0001244212881266562,0.2965135342027983,0.25116231244497916,0.9996084573218481
98,1.8926957242488862,0.979148624420166,0.2393625115652879,0.0001270018208613995,0.2973889528016249,0.2638422478189071,1.9422310423056284,0.12224631428221862,0.13089359380304813,0.011880814760923385,1.0,0.99875,0.99025,0.6825833333333333,0.973375,0.9438333333333333,0.00012581563547022626,0.2967280518517377,0.25141651624304623,0.999804228660924
99,1.8892774046262106,0.9776108008225759,0.23937085056304933,0.00012664416577702771,0.296450200210015,0.2638068617631992,1.9409065545797348,0.12391747896373272,0.1329462612941861,0.012207804481188456,1.0,0.999,0.99175,0.685,0.9735,0.942,0.00012373087812448235,0.29688719847912703,0.25151233480529994,0.999804228660924
100,1.8910173448721568,0.9768658959666888,0.23935988286634285,0.00012465688373761925,0.29762246445814766,0.2643243947053949,1.9437175142367682,0.12494626738876104,0.1301232896844546,0.01215580620865027,1.0,0.9987916666666666,0.9909166666666667,0.6817083333333334,0.9728333333333333,0.9414583333333333,0.00012486247291603253,0.2968423022314638,0.2521259122693688,0.999804228660924
101,1.8930113917191824,0.9795176830689112,0.239365160052975,0.00012422954317404825,0.2972173599551121,0.2648178888907035,1.937883888999621,0.12417527796079715,0.1307811395972967,0.011995675350228946,1.0,0.9986666666666667,0.9910833333333333,0.6795833333333333,0.971125,0.9447083333333334,0.00012540427840474538,0.2968700971795697,0.25302530864520567,0.9996084573218481
102,1.8938779725233714,0.97908282182614,0.23936562555034954,0.00012289539955425728,0.2977908685853084,0.26533998147398236,1.9383934225638708,0.12423441158731778,0.13111921107272306,0.011997285674015682,1.0,0.99925,0.9896666666666667,0.6815,0.9707916666666667,0.9422083333333333,0.00012568056643085055,0.2966750596672553,0.25359340770696653,0.9996084573218481
103,1.892305600007375,0.9784233939647674,0.2393622261832158,0.0001256710838950615,0.29725739935040474,0.26584612048665685,1.9384570790926616,0.1267616356263558,0.12974870879451433,0.012336534157395362,1.0,0.9989583333333333,0.9904583333333333,0.682625,0.9715416666666666,0.94125,0.00012673173788274356,0.29685894842423677,0.2527829985205046,0.999804228660924
104,1.8905088559786478,0.9769623792966207,0.23951290981968243,0.00012844047878282557,0.2975796936402718,0.2620576540281375,1.9383439904054005,0.12908310337364673,0.13257047758003077,0.012398547301689784,0.9999583333333333,0.9988333333333334,0.9914583333333333,0.6893333333333334,0.972875,0.941625,0.00012535070899454467,0.2968455559881105,0.2535790049659851,0.999706342991386
105,1.891097266236941,0.9789008604288101,0.23935520744820435,0.00012470815598923462,0.2963669631679853,0.2661928430000941,1.9360210463205973,0.12611205451438826,0.13222309856365125,0.012260395944118499,1.0,0.9992083333333334,0.9916666666666667,0.6862916666666666,0.968875,0.9419166666666666,0.00012562257920114818,0.2971030842358233,0.2536360187778365,0.9993148003132342
106,1.8975204754273096,0.9787609384059907,0.23946276392539342,0.00012743832948550941,0.2996733107020458,0.26565090284744897,1.9362281057039896,0.12793509697914124,0.1329807899321119,0.012372130458553633,0.9999583333333333,0.99875,0.9905833333333334,0.6817083333333334,0.97125,0.9420833333333334,0.0001248954863354596,0.2972420320285305,0.2538425477094709,0.9994126859827721
107,1.8984710456530254,0.979205234070619,0.2393559221426646,0.00012805720872256644,0.3000700895686944,0.2650453032652537,1.9348881677389145,0.12929240353405475,0.13344763216376304,0.01243970366815726,1.0,0.9992916666666667,0.9916666666666667,0.6849583333333333,0.9704583333333333,0.9408333333333333,0.00012583440526995972,0.29760625637840177,0.2536850737709736,0.999706342991386
108,1.89316550497214,0.9766257112820943,0.23936201676229635,0.0001256098810805876,0.298674431224664,0.26525896476209165,1.9380695418119431,0.12799051006883383,0.12813905084133148,0.012612378229697546,1.0,0.999,0.9897083333333333,0.6865416666666667,0.9722916666666667,0.9419166666666666,0.00012634936548130073,0.29781493567770456,0.2542401964709851,0.99951057165231
109,1.8929414825439452,0.9760688058733941,0.23936547845602035,0.00012704183832844742,0.29817692991594474,0.2696641698256135,1.9366535959243774,0.1268963518291712,0.12774368332574765,0.012785608112812043,1.0,0.998375,0.988375,0.6811666666666667,0.9706666666666667,0.9422916666666666,0.00012586298143341977,0.29784773575899043,0.254962855242572,0.9996084573218481
110,1.8945449565649033,0.9778143513798714,0.23935680754482747,0.00012431264182608478,0.29853969224294025,0.26681927356372276,1.9365385615030923,0.12816853671520947,0.12991497746606667,0.01272204894820849,1.0,0.9988333333333334,0.9906666666666667,0.6812083333333333,0.9697916666666667,0.9413333333333334,0.000125482608523139,0.29814480327378984,0.25532910792111835,0.999902114330462
111,1.8942542054255804,0.9768546320796013,0.23935694562892118,0.00012651306198260197,0.2987365078628063,0.2677219369163116,1.931504624048869,0.1295104698886474,0.13244901484499375,0.012693967426816622,1.0,0.999125,0.9915,0.6826666666666666,0.9698333333333333,0.9405416666666667,0.000124392611023573,0.29812762308384444,0.2554890099160239,0.999804228660924
112,1.8924448961814244,0.9757977914611499,0.23935756800075372,0.00012596911872833516,0.29862085163096586,0.2659863077526291,1.9317267288764317,0.13064035241802532,0.1294469842662414,0.012970799376567204,1.0,0.9992916666666667,0.99,0.6834583333333333,0.9735416666666666,0.9430416666666667,0.00012456419166641212,0.29791982240899056,0.25580613918970035,0.999804228660924
113,1.89549212149779,0.9771334162155787,0.2393614659110705,0.000124929488670053,0.29910991568366685,0.26842515989392995,1.9359105122089386,0.12938665162275234,0.12890079398701587,0.013061568021774292,1.0,0.999,0.9895,0.6805416666666667,0.9694583333333333,0.9414583333333333,0.00012614040340311466,0.298011224282236,0.25668891810592537,0.999804228660924
114,1.894291909535726,0.9778638787269592,0.23935661721229554,0.00012678076284767788,0.2984017986655235,0.2667141644482811,1.9302732138633727,0.12988673025617997,0.13243091304848592,0.013207144434253375,1.0,0.9985,0.9896666666666667,0.690875,0.9695833333333334,0.9406666666666667,0.00012567124630555082,0.29798446319699756,0.2570115418779425,0.999706342991386
115,1.8932168070872624,0.9742565877834956,0.23935270229975383,0.00012518561787260295,0.29945830459396044,0.2681351116200288,1.9341622376044592,0.13212177964796623,0.1301273270001014,0.013136512930194537,1.0,0.9986666666666667,0.9899583333333334,0.6864166666666667,0.9703333333333334,0.9397083333333334,0.00012615006921403216,0.29804597688968654,0.2560592250053945,0.999804228660924
116,1.8926055241823196,0.9744422437946002,0.23935888304313024,0.00012661119853343432,0.2990102974176407,0.2684352455039819,1.929808733065923,0.13093248002479474,0.12909589173148076,0.01304628383119901,1.0,0.999,0.9903333333333333,0.6843333333333333,0.9681666666666666,0.9417916666666667,0.00012734755842933924,0.29807755616679493,0.25601919105213744,0.999706342991386
117,1.889286427696546,0.9735631809035937,0.23935427746673424,0.0001229653117519168,0.2982240081181129,0.26558340398718916,1.9303547243674597,0.1307317314147949,0.12790302609652282,0.013047313287854195,1.0,0.9989583333333333,0.990375,0.687125,0.971125,0.9436666666666667,0.00012647917804539145,0.29830022675357903,0.2559734197404927,0.999902114330462
118,1.8955800175269444,0.9760726638038953,0.23936747488379478,0.00012596180990673625,0.2997049328883489,0.268260279973348,1.928644269188245,0.13161782107502223,0.125495338310798,0.01335653989513715,1.0,0.998625,0.9898333333333333,0.68,0.9700833333333333,0.9420833333333334,0.00012680895768518,0.29829490538351033,0.2565536412352823,1.0
119,1.8900370228687922,0.9754355579813322,0.2393516621987025,0.00011978476932911993,0.2975189413179954,0.26657448859761157,1.9307266177336375,0.1258631352732579,0.12756082394719123,0.013171724985043208,1.0,0.9991666666666666,0.990625,0.6825416666666667,0.9719583333333334,0.942,0.00012867889171626893,0.2983704801115004,0.255933569296436,0.999902114330462
120,1.8976885421276093,0.9770251996517182,0.23936697036524612,0.00012678260877328285,0.3002390681753556,0.2685488960966468,1.9267648950020473,0.1338719377120336,0.13042100559175016,0.013402998670935631,1.0,0.9988333333333334,0.990875,0.681625,0.969625,0.9414166666666667,0.00012746553783215585,0.2982014306677256,0.25645279046804437,1.0
